{"min_cv": 0.08098692320287228, "max_cv": 69.15409523010254, "max_ca": 31236.562773437487, "min_ca": -24671.947734375}